TSS_coordinate	Direction	Minus10_3end_coordinate	UP	Minus35	Spacer	Minus10	Dis	Start	ITR
689495	+	37598	TTTTTTAGTAATTACAGGATGCGGCGTCTTTTCATCAACTTCCAAAGAATTGGCACCTTGTAAATGTAGCACATTGCGGGCATATTCAATAACTGCTAAC	TGCATA	CCTAAACAAATCCCAAA	GAAAGG	AATATTGTTAGTTCTTGCATAATTAATGGCTAAAATTTTGCCTTCAATAGCGCGATTGCCAAAACCATAAGGAACTAAAATACCATCATAGTCTTCAAGCAAAGAAGAAATATTGTCTGGCGTTACTTTTTCAGCATCTATCCATTTAAT		
276354	+	89313	TTGCAAATTAAACAAGAAACAGGAGCTACTGCCAGAGTTATTTTAGAAACTAATTTAATTACTGCTAACTGCCCTGTTACTAACAAAAAAGCCCTTCAAA	CTGTCT	TATTTGCTAGAGCTTAT	TGAAAT	TATTTTAAAAATGATTTGTTATAAAAGCCAACCAAAAAGTTTCAACACATTTAATACTAAATCATTTCTCCAAATATTTTCTTTCTTTTTATAAACATTTTATTTTTTACATTTTTACCCCCACAACCACTATTTTTTAATTATTCAAAA		
186764	-	107559	TTTAATCTTTTAGACATAAATTTTGGCTTTATTTTATCTTTACCATATTTGGTTTGCTTTTTTACCTTTATAAAGATATTATACAACTTTTAAAATAACT	TTTTTA	TATTTTGTCATTATTGT	CATTAT	TTTTTAATATATTTCATCATTTCATTATTCCTATCATTTAAATTATTCCCATTTTGGATATATTTAAATATTTTTAATCACAAAGGAGCCAAACTTCATTAATCATTTTCAAAATCAAAAAAAACTACTATTTTACCACAAAAACCCCCA		
811748	+	120497	AGAAGCTTGATTAATACAACTATTATAATAATCAGATACTACATTAAATAATTTCATCAAAACAACTACAAACACTAAAAAAACAATATATTCTGGTAGG	TATTTT	TTAATATTTGGTAATAA	TAAAAT	TAAGGATTCTTTTATTAAAACACTCAATAAATATAAAGTAAAAATAGCAATTAAACCTGTAGTTATTTGAGGATAACTTAATTTTTCAGGAACTGATTTAGAAGTATTTTTATCTGGATTTTTTGGAGTTTCTTTAACTTCCAATTTACC		
508081	-	128819	TATAATAGCTAATAAAAAGCCAACAATAAGACTGTCAATAGCTAAAATTAAAGTAGTTTTGAGTCCTTTTAGATAAGATGGAATGGTTTTTTGGGCTTGG	ATGAAA	ATCTTTTTTGTTGGTAG	TTCAAT	TGTTTCTTTGTTTTCATTAAAGATTTCATCTAGTCGTTTTTTTACTTTTTTTTCTATTTCTTCTATTTTATTTTTATCTTCTGAACTAACTTCTTCTTTACTAGTTTCTTTTAATTCATGATTTTTTTTCTTTAAGTCTATGATGTCTTG		
169338	-	129188	CTTTTCTAGTGGTTTCTATTTTAAAAGAAGTATTTTTTGTAATTTTTTCTTGCAACAATAAACAAGCTTTTTGAACAATATCATCTAATTGTCTACTTGC	TTGACT	TACTACAACAAAAGAAG	AAATCC	CTGATACATAAGATAATCTTTTAAGAATTTCTTTTTCTAAACTTGCATCATAAATATATTCTAGATAAGCATAATCATGTTTAAAATACATTTGAACGTTGCAAAGGTCTTTAATTTTATTTTGTAATAATTGTCTTAATGTATTAATGA		
335864	-	144166	AAAAGAAACACCCAAATACAGACCAAAAGCAACTCCCAAACCTAACCAAAACAACAACACACAAACTATCAAAAAAAATCCTCATTTACAAAAAGCCAAA	AATAAA	AGAAAAGTGATGCAAAA	AAAACT	AGTTTACCAAAACCAAAAAATTATTGATTTAAAAGAACAAATCTTACTTTTGGAAAATGAAAAAAACAAACCCAAAGAACTAGATAATCAATTTAGTGATCAAATTAAACCTCAATTGGAATCTCAAATCCAAGGAATGAACATTTATAA		
759949	-	162284	TAGAAAATGGCAAAATACAAGTGGATTGGGCAAGTGAAAAAACTTTTGATCAAAAATTCAATGATGATGGTTCTAGAAATATGAGATATTTTACCCAAGA	TGGCAA	AATTAATTGGGAAAAT	GAAAAT	ACTTGTAATTATGATGCAATAGGCAACACACAAAATCTGGAAGGGACACAGATTTCATCACAAGAAAGAGAGTTGGAAGGTAAATTACAAGTATACAAAAAAGAAGCTTATAATTATGTTTTAGAAATAGAAATTACTTAATTGTAATTA		
515170	+	178368	TTTAAGATAATGGTTTACTATATCTCGTAATTCATCACTAAAATCATATTTACTTTTCAATTCTTTAATATACAAATAAAGCCAATAAATAAAAATACCA	AAGATA	AAAGAAGTAAAAGAAATA	AATACT	TTAGATTCAACAATATTAATAATTGTTTGTTGTATATCCATCAATTATTCCTTTCTATAAAATTATTGCCTTTTTAATTTATTTATTATTTCAACTATTTTATTATTTTTTTGAATTGTTTCTAATTCTTTATTATTTTTGATAAAAAAA		
428123	+	181171	TAGAAAAAGACAAAGACTATTACCTTGGTCGCGTACATGTTTCCGACTCTAACTTTGAATTAACTAATTTTCACCTCCACTTTAACCCTGTACGTAAAAC	TTTATC	CCTTTACCAAGATAAA	CAGAAT	AATGATAAAGTCAAGGAAGCCGAATATAATAAAAGAACCAGCGATGACTGGTGATAAAAATTTTAACAACTTCCAATATGTTAAAATATAAAGGAATAAAAATTAAATGAGATTTCATATGATATTTAAATCACAAAAATATTTACTAAT		
499133	+	186495	TAGTTGCTTGGAAAATATTTGATTAGTTTTAGTAATCATTTGTTCTTTGGTTTGTTTTTCTAAGACAATATTTTTTTCAGGATGAAAAGGAACTGCAATA	TTGGCA	TAAATTAATCTTAAAT	AATCAT	ATATTTCTGTAATAGTTCCCACAGTAGAACGAGGATTATTAGAAGTTGTTTTTTGGTCAATACTAATAGAAGGACTCAAACCTTCAATACTATCTACATCAGGTTTTTCAAAACTACCTAAAAATTGTCTAGCATAAGCACTTAATGATT		
807273	-	191911	TTTCATCTGCTTCGTCAAGAGTTAGAATTTTTAGTGCTGAGAGGTCGATTTTACCTCTTTCTAGATGGTCAATTGCACGTCCAGGAGTAGCAATAATTAA	ATGAGG	TTTAGCTTCTAGGGCTC	TAAATT	GTTTGGTGTAAGATTCACCACCATAAACAACAGCGATTCTTATTTCTTGATAAAATCTTAGTAATTTTTTTAATTCTTCGTATACTTGGAGAGTTAATTCTCTAGTGGGGCATAAAATTAAACTTTGAGTTTTTTGGATTTTTGGTTCAA		
122082	+	192005	ATTGGATGGTCTAGAAACTCGCTATCCTAATCAACTTTCAGGAGGACAAAAACAAAGAGTAAGTATTGCTCGTGCTTTAATTAAAAATCCTAAAATGATT	TTGGCA	GACGAACCTACTGGTAA	TTTAGA	TGAAAAAACAGGACAAAAAATCTTTGAATGTTTAAAACAAATATCAAAAGATACCTTAGTTGTTATAGTTTCTCATGATACCCAAAGTGCTTATAAATATGCAGACCGCATTATTGAATTTGCTGATGGTCAAATTGCAAAAGACCTTAC		
850175	+	243197	TTGTTCTAATTTTATACCCATTTTTTTGTATTCCTTATTTTTATTTTTTTGGCTTTTAATTTTGTGTTTGTGTTTGTGATTTTGGTTTGGTTTGATTTGG	TTTTGG	TTTTATTATTTTGATTT	TATTAT	TTTTAACTTTTTTTATTATTTTTAACTTTTTTTATTATTTTTGGTTTTTTGATTTTTGGTTTTTATCTTTTAGATGAATTTAATCATTTTTTAATTATTGGTGATTTTTTTATTTTTGGACTTTTGGTTGCTTTTTTGAATTTTATAAAA		
367876	+	245554	AATCTTCTTGAAAAGAAAGATTATCCTTTTTATGATTTTTTTGTGGGATTGAAGGAGAATGGCTTTTCCTAATAAGTTCTTTGATTTCCGATTTGATGGT	TGGATT	TGCGTAAGCAATAAAGT	CATAAC	CTAAATCTTGGTAATGATTGAGGGCTTTGATTAATCCTAAAATCCCTTCTTGATATAAATCTTCTTTAGTTAAAACTCGAGGATAATATTTAAATTGATTTACTATTTTTTTGATTAATGGTAAATGAAGTTCAATTAATTGATCTCGTA		
333011	+	245890	GGCTAGATGTTTAAGTATTTTATTTGCTGGCTTAATGTATGTTATTTTTGATAAAACTAAATTTAGTGGTAAAGGAAAATTAGAATACAAAAACAATAAA	CTTACA	CCCAAACCAACAGAGAA	AAAAAC	TCCTTTAGAATATAAAAATATTGGTATGGGTTTAACGATGATTTTTGTATTATTTAGTTTAAGTGGTCTTTTAAATAAATTATTATGGGGTTATTTAGAATCGTTAGTTTATTTTATTCTTTTCTTAATTTTGATTAGAGTTTTTAATTT		
649769	+	246678	CTCCAGAAACTAAAAGTACTAAGGCAGGAAAATTAATTTCATGTTCAATTTGAGCAGAATAGATATGCCCTAATAAATGATTTACTCCCAAAAGAGGCTT	TTGATA	AGTGTAGGCAAAAACAT	TAGCGG	CGTTAATGCCAACTAGCAACGAACCTACCAAACCAGGTCCTTGGGTAACTGCTACTAAATCAATTTCTTGGGGGGTAAGGTTCGCTTCTTTAAGGGCTTGTTGTAATACCAAAGTCATAAATTGAATATGTTTTCTAGAAGCTATTTCAG		
138784	+	246918	TTTTCTTTGTAATTATTATTTTGATATGTATTACAGCATTAGGTGGTTCTGTTGTTTTTTCTTATATGACAAATGATACAATGGATAAAAACTTTCAAAA	AACAAA	TGAAATAATTACTACAA	CAAAAA	CAGATGTTGAAAGTTTATCAACAGAAGTTAAATAATTAAAAGAAAACCAAACAAATAATAATCAAACTGATGAAAATAATAATACTCAAACTGATGAAAATCTTATGACTATTCAAGAATTACAACAAATGATGGAAGATATAATTCATG		
343840	-	247509	TTTTATTATTTTAGACCCTCCTTATTTTAAAGATTTTTATTTACCTGCTTTTGAATATTTAGACAAATTAACACATCAAAATAGCATTATTATTTGTGAA	TTACAT	CGCAAAATTGTTTTGCC	TACACA	AATTAAAGAATTTGTTTTACAAAAAGAAAAACAATACGGTAATAAAAAAATTCAATTTTATCAAAAAATTTAGACTTTCACCAAGGAAAGAAAAAACAAAAAAGAAAAAGAAAAAAGGAGTTCAAAATGAACAATATTTGGTTATATGTA		
10759	+	247857	GATTATCGTTGGGTTTTAAGTTATAAAAAACATCTTTTTAAAATCAAAGCCCTTAATTTAGATGTAATTCATGTTCATACTGAATTTGGGGTAGGTTCTT	TAGGAC	TTTTAGCTAAACAAAAAT	TAAATT	TGCCTTTAGTTTATACAACACACACAATGTATGTTGCCTTTTTTGATACTCAAAAATCTTTTATTGTTAAATGTTTTAAAAAACCCATTTTAAAATATGTAGACTATCTTTTTACTAAATTTATTTTTAATAGTGATGTCAATATTTTAC		
817378	-	270712	GATTTTATGGCTACCAAACCCCTCCAAAAACTCTTTACTGATATTACTTATTTTAAAACTAATCAAGGTTTTCTCTATTTTTCTTGTATTATTGACTCTT	TTAATA	ACCAAATCATCACTTCA	CATGTT	TCAAACCAACAAAATAAAGATTTAGTTTTAAACACCATCAAAAAATTACCTTCATTAAAAGAACCTTGTATTATTCACTCCGATCAAGGAAAAGTTTATCAATCACTCAAAATTCAACAAACTTTAATAAAAAAAGGTTTTTTAATCAGC		
710431	+	272566	AGACCCAAAGTATTGGCAAAAGATACCGCAGACAAGATATGATTGGTACTCCTTTTTGTCTCACTGTAGACGACCAAACCCTTACCCACAACACAGTGAC	TTTAAG	AAACCGTGACACAACCC	AACAAC	AAACCTTTTTACTAGCAGAAGCCAAAAAATACATCCAAGAAAAAATTATTTTAAAATAACGGATCAAAATGCAAGATAACAAACAATTAATTGATCAAATCAATGAAAAAATGCCTATCCTTGATTTAGTTCAAGAATTTGTACAATTAA		
44071	-	276491	TATCTTTAAGACATTACATCCATATTTTGAAACGCTCCAATAATTCGCCCCCAGTAAAGAATGAATAATTTTAGTCTGTTTATCTTATTCTTTTTAATTT	TAGATA	TTTTTCATTTAGTTGT	TAATTT	AATTATAAATAAATGTTTGGATAACTACTTTCTTAATTTAGATATAATTCATTGAAACATTTAAAATAGCAATTTAAAAAATTACCATTAACTAAATTATAACTCAAAAAAAAAAAAACGATAAAATTTGCTCACTAATCCTTATATTCT		
810111	-	279301	AAGGAGTTGTTATTAGTGCATCTTTTTGGGGCAAAGCCAAAACCGTTTTTACATTCGTTGCCATCATTTGCCTTTTTTTTGGGTTGTATACTTCTTCTAC	TTTTGC	TTGTGATGCAAATTTAA	AAAAAT	GGTTTGGATATCTAAGTAATATAGGTGATATTTGCCTGCTTGTTTCAGTTGTTTTAACTATTGTTTCTGGTTTTGATTATTTTTTTAAAAATTATAAAATTATTCGTAAAAATTTTGCTCCTGAGTAATTCATTTTTTTGATCCTCACTG		
304117	-	292525	TGATTGGAAAAAACCTTAAATGTAGGGTCTTCTTCAGCTAATTTTGCAAGGGCAATCCCCATTTTATCTTGGTCAGCTTTAGTTTTTGGTTCTACTGCAA	TTTCAA	TTACTGGTTCTGGGAAA	TTCATT	GATTCTAAGACGATGGTTTGTCCTTCTGATGCTAAAGTGTCTCCTGTAGTAGTTGCTTTTAATCCTACAACTGCTAAAATATCGCCTGTGTAGGCTTCTTTTACTTCTTCACGAGAATTAGCATGCATTTGTAATAAGCGTCCAAAACGT		
271673	+	302711	ACTTTAATGCTTGTTTTTTTTCATGATTTTAAAGAATGTGTTAACAAAGGACAAATTTATTGGCAATATAAGTACAAAGCCCCTACCTTTATGCCTGAAA	TTGATT	TTGACACCACAGGAAAA	GAAGAC	AACATTTTAGATTACGAAGAAGGTTATTATCCTGGGCACCACACTTTTATCAAAACAGTTTGGTATTTTACCCATCAAAGTAATTTATTTGTATTAATTGTTTATGCTTTATTTTTTACCAAAGTAAGACAAAAAAATTGGTATCATTAT		
586801	+	302879	AGTTTATTTTAATGACCAAAACTATCATGTAGTCCGCATTTACCAAAATAAAACCTTTATCATCAAAATGATTCAAGACAGTCAAAAATATTTAGAACTT	TTGATT	AAAGTTACAGAAGAAT	TAACAA	AAACCACTTATTTAAAACAATTAAGCAAAATCAAATAATTTATTCATATTTTTAGACCTTCAATTTGAAGGTCATTTTTTTATACCCAAATATAAAAATCAAAGGAGAAATCAATGATGAAATTAATCGTTTTTGAAGGCATTGACGGGA		
108632	-	308263	CCTTTGTCCTTAGTAAGATCAACGTTTTCTTGAAGACTCAAATTAACCAATTCGGGCTTAACTTTAATAGAAAGACGCGGGAAAACGTGTGCCTCTACAG	TTTCCA	TTTTAAAAACGGTGTTG	CAAAAA	CGAGGATCTTGTTTTAGTTGATCCATGTATTTATGTATTTGTTCTTCTGGACCTGACAAAGTACCGTTTATACCTTCTTGGGCAACGATAATACGTCCTAAAAGTCCTATAGATTCACAATATTTAAAATGTTGGTCTCTAAAAGTTTGG		
798323	-	308331	GGGGGTTTCTAAAATGCTTGAAAAACCTGAATTAAGTAATCCTGAAATTATTAAAAAATTTATGGGTCTTTTAGAGCGTAAAGAATTATTAAAAATTATG	TTAAAT	CAAGATAGTTTGTCTTT	TAAATT	TTCTGATGGCTTGCAACTTACCCCTTTAAAAGATTGTATGATTCTTTCTATTCCTTTTGATGTAAATCCTAATGAGAAAGGAAGAATTGCAGTTGTAGGACCTTCGTGGATGAAATATCCTAAAGTTATTCCTATTTTGGAATATTTGGC		
1318	-	311074	TTAATTTTTTGATAAGCTTTAAAAACTGCAGAATGGTTTCTTTTGAAAAAACTACCAACAATATTATAAGGAATATCTTTTAATTCTTTGATTAAATACA	TAGCAA	TATGACGCGGTAAAGTG	TATTTT	TGTTGTCTTTTTTTACTCATTAAATCACGAACTGAAATATTGAAAAAATTGCTAACAACTGATTTGATTTTTTCCAAAACATCCTCATCATAAGAAACACTTTTTTTGCTTTTAATCAAAAGTTCTAAAGCTTCATTGGCAATATTAATA		
495528	-	313999	GATGCATTAGAAAATATCGTGCAAACCAAATATCAAGAAGTCCTACAAAAAAAAGATTTCGAAAGTATGGGAATGCCTCAAGTAATTGATTTAGACGAAA	AAAAAC	TTAAAGATAATCAAAAT	TTTACT	TTCGGACTGGAATTTATCGTTAAACCTAAAGTTACTTTAAAAAAATATTTAGGGTTAGAAATTACAAAAGACGATCTTGAAGTAACAGATTATGAAGTGGAAGAAAAAATAAATTCCTTATTAGAAAAACAAACAACTTTGGAATCCAAA		
360436	-	316147	GACTTTATAGGAGGAGGGTAAGAGTTAATTGTAATGTTCTTCGGCTGGCCGCCTAATTCGCTCTGCTCGTCTTTGAATACTTTCAGACTTAAAATAAATA	ACGACA	ATGAAGATAATCCAAAGA	TTTAAT	ATTAATTTTCTTTTCTTATTCATGATTAATAAGTTATTTCTTCTTTAACAGTTCCATCTGGGTTGAAATAGGTTTCTTTTTTTATTCCACCTTTGAGGTTATATTCAGTAATATAGTAAATAGTTTTGCCATCTTCATAGTAATTAGTTC		
291496	+	325811	AATAGGGCAAGTATCAAGTATTGATGACGACCGTGAAAAAATGACAGTGGAAGTAGATTTGTTTGGTAGAGCAACTCCAGTAGAAATTTCTTTCAACGAC	TTCAAA	GAAATATCTTAATTTTTT	CATAAT	TTCTAACATTTTTTTATCAAATATTTAAAATTTATGTTAAAATAAGTTGTCTAAAAAATTTTATCATATTTTTTTATGTGACAATATCAACAATATTCCAAATTTAATGAAACACAAACAAAGAATAAACAACTCAAATTATCAAGTTTT		
366753	-	336658	ATAAAACTCAATAACAACCAAATAAACTTAATCATCTAACCCCTTTTGAAAAGGGGTTTTTTATTTGAAAAAAACACACAATTATTGGTAAGGACACCAA	AAGAAA	TAAAAAAATAAAGGAGA	CAAAAT	GAAAAAAAGATATCCTATTTTATTAACCATTTCCTATTTATTTTTCATCATTAGTAATATTATGGCTTTATTTTTCAATTTTGAATTAGGATTAAAATTTAACGCTATGATCGCCATCTTTTCTGATATTTTCTTTTTATTTTATTTATG		
330696	-	337656	TAAAATGATCTAAATGAGAATGAATTCCTCCATCAGAGATAAGTCCTAAAAGATGCATTTTACTGTTGTTTTTTTTAACATGTTCGATGGCTTGAAGAAA	TTGTTT	GTTGGTGAAAAAAGATT	TATCAC	GAATAGCTTTATTAATTTGAGTAAGCGATTGATAAACAACTCTTCCTGCTCCTAAATTAAGGTGTCCTACTTCACTATTTCCCATTTGACCTTGGGGAAGACCCACTTCTTCACCTGAGGCTTTAAGAGTGGTATTGGGAAAGTTTTTTA		
85961	-	347115	AAGATAATAGTCTTTGTCTTCTTCTAAGAAGTGTTTAGGGCCTTTGTATTTAAGGATTAAGTGATTAAAGCCTGGTCCTTTGTGTTGTTGTTTTTCGAAT	TTTACA	TATAAATATAATTGAC	TGTCAT	CTTTTTTATCGAAAGAAGCGGAATCAAATCCGTCTAAAGTAGTGTGGTTATAAGTATCACCATTTTTATTCCAACGGTCGAAAGGATGACGGTCTTTGATGTAACAAACTAAGTTAGATGGTTCTTTTTGGGTTTCGCGACGATTTTCGA		
107249	-	357397	GATAAGGAAGTTTGAGCAGTTTTAGCACTTCTTCGGAATCTTTTAACATTTGGTCTAGACATTCATAAGAATTTTGGGGATGGCAAAACTGGATTAATTC	TACTTT	ATTAAATTGATGTTGTC	TAAAAA	TTCCTCTAGTATCTTTGCCAGCTGAGCCTGCTTCTTGGCGAAAAGCAGTAGTGTAGGCGACGTATTTAATGGGAAGTGTGTCTGGTTTAAAAATTTCTTCACGATGCAAATTAATAGTAGGAACTTCTGCTGTAGGATTTAGATACCAAT		
86434	+	357765	TCAAAAAGAAGGTGAGAAAACAAAATGGAAATGCATAAAAAACATTTTATTTATATTTATTTAATAATTGTTGTCACATCAATCATTACAACTTATAACT	TTGTTA	ACCATAATAATTTAGAA	AAACAT	ATTAACCTTCAAAACAATCATTTAAAAGAAAAAATTAACCTTATTGAAAAGGAAATGGACGAATTCCAACAAGAAACCCAAAATAATTTTAAAAAAATTAATGAAAAAATAGATAAATTAGAAGAAATGATAATAAATCAAAATAAATCC		
581721	+	357877	TATTTAAAAACGACAAAAACCTTAATTTATTTTATCATCGGCTTTTATTCTTAGGAATTTACCAAACCACTAATATCTATGCTTTACCCACACCTTATAC	CTTTTA	CAACGCTGTAACGCTT	TTAACT	ATGGCGAAAGCATCAATATCATTAATAATAATAATACCCAAGATGAATTACAAACCTTAACTGAAGAAAACAAGCAATTAAAAAAAAGATTATTAAAATTAGAAAACCAATCTCTTATCGAACAAATTCAACAAAAAACTAACCAAAACA		
293619	-	398056	GTCAGGAACTTTAACAAAATTAGCAGCATCTAGCAAGCCTAATCCTGTTACTTCGCGCACTGTTTTGATAACAGCAAGTTTCTTTTTTTCATCAAAACTT	TTCATA	ACTACTGTGAATTCGGTT	TTTTCT	TCTACTTCAGCTGAATTATTTGCTCCAGGAGCTGCAACTGCTAAAGCAGTTGGGTCAATTCCAAACTCTTCTTTCAAACCATCTAATAATTCTTTAATCTCTAATAAAGACATTTCTTTTAAAGCCGATACAAAAGCTTCTTTCGTTAAC		
773015	-	398584	AGCTTTAGTTGTCTTTGGTTATATTATTGAAAAACAAGTAGATAAAAAATATGAAGCATCTATGGCTTTTGCTTTATTTCTGTTAGTTTTTTGGCCTCTT	ATTAAA	GCTTTATGGAACTTTTG	TAAAAA	GGAGGATTAATAATTAATATTATTTATAAATTTAGAGCAGGAATTAATTTTTAATTTCTGTTTTTTTGTTTTTATGAAGTATTTATTATTTATAATGTTGTAATTATTATTTATAATATTGTAATTAGTCAATTTTGGAATTTGAAATAA		
190756	+	413679	AAAGACGATCAGCAAGAATGTTTTTGCTGTTGCGGCTAATAATTAAATCACAAACCCAATCACTTTTATAGTTTTTGGGCTTTTTGGAGGAATACTCAAG	TGGCCG	AAGAGGCACGCTTGGA	AAGCGT	GTAGATCCAAAAGATGCGAGGGTTCGAATCCCTCTTCCTCCGCCAACTAAAATTAGTTATTTTTTGTTAGTTTGCAAAATCAGTTTCATTTTGATAAAAATAATTTCCATAATTTCATCGCTCATATTATTTTTTTAAGAACTTGTTTTT		
277216	-	458690	TGGAGGAGTAAGGAGCCAAAAAAATAACCCGAATAGAAAAATTGCTAAAAATAAAAACTTTTTTTTTGAAGAATGATTTCTAACATCCATTTTAATTAAC	TCCTTA	TTTTATTTATTTGAAAG	TAATAT	GCGAGTTTTGGTAGCAAATTGCAAAAAGAAAGTTTTTAATTGTTGAAAAGTTAGGTTTTTGGCTTGAGCTTTAATAACAATAACAAAAAACATTTTGGGATTAAGGCAAGGAGAAACACTCCTAATAATTGCTCTTAAACGACGTTTAAT		
201861	-	464438	TTTTTTTTGTTTCATTTGAAACTCCTATTATCCTATCGTATTTGAGAAACACAAAAAATGATGAAATGCAAAAATGAAAGAAAAAATGCAAAAATGAAAT	TAGAAA	AAAAGGGGATGAATTAA	TTAATT	GTAGCAAATTAAAATAAAAACTTTTGCTAAATGTTTGTCTTATTTTCCTAATTGTAAATTGGAATTAACAGCAAAAAGGACAATCATTTTTTTGAAAAATATCTTTAGTGGAAGCTAAGGCTTGTTTGCTTGCTATTTGAGCAAAAAATA		
538639	+	481597	ATTAAGTTTTCTAATTTTCTTCCTGATAAAAGGTCAAAGAAATGTTTTTTAATACCTTCTAAAACTTCTATATCATATTTAGGTTTGCCATTTTGGTCAG	TTGGAG	GAAGATATTGGGCGCC	TGCTTT	TTTCATTTTTTCAAGCCTTTCATTTCTATCAACTACATTATTAACAGGGTCTAAAGTTGCCATAAAATATTCTATGGCTCCAATTTTTATGCTACCTCTAAAACTTTTTTTAGCAACGGCAGGAATAACATAACCATGTTCTATGGCTTC		
265778	+	483207	GGACTTTTAATTATTTGTGTGGGTAAAGCCACTAAACTGGCTTTTTTGTTCGATAAACTGCCAAAAACTTATCAAGGAACCTTTCTTTTTAATAAACATT	ATGATA	CTTTGGATGTGACAGG	TAAATT	GTTGGATACCAAAAACACCCCTTTAACTGATTGTAACATCCAAAAAAGTTTTGCATCTTTTCATCAAAAAAAGTATTTGCAAATACCTCCTATGTTTTCAGCAGTTAAAATTAAAGGGAAAAAAATGTATCGTTTAGCACGCAAAAATCA		
248149	+	494873	CCAGGCGATTTAGTTAATTTTATGGAAACAAGACCTCTTTCTAAAACTAAAAGATTTCGATTATTCAAAATTCTTTCCCATGCAAAGAGCGCAAAGTAAG	GAGATT	TTGATATGATTCAACGA	GAAAGT	CGTTTAGTTGTAGTTGACAACAGCGGTGCTAAAGAAGTTTTAGTTATTGGTATTTTAGGAGGCACTCGTCGTAGTCATGTAAATATCGGAGATATTGTATTAGTAACTGTTAAATCAGGTTCTGGTACAGTTAAAAAACATGACGTTCTA		
365023	-	515817	AACCAAATAAAGTTAGAACAAGCCAAAATCCAAGAACTCCAACAAAAAGATCACCAATTAAAAACCCAAATTGAAGAAAATGTTAAAACTTTAACCGACA	TTATTA	CCAAAATTAAAACTCTT	CAAACC	GAATTAACTAATAACCCTCAATTGCCTTCGACAATCAAAACCCAAAAACAACAACAATTAACGGAACTAAAAAATCAACAACAAACTCAACAAACCTTAGTAAATAATTTAATAGAACAACGTAAAGCTTTAAACCAAAATCAAAAAGAA		
335490	-	544928	CTTATGGTTTGTATAATTCTCAAATTATCCAATCCACAGTTTTTTTTGATTCACGCATCAAAGAACCACCACCCAAAAACCTTTTATTAGTTTATTTTGA	TGGAGG	CACAAGAGATAAAGCT	AATAAT	TGTTATTCTTTGGAGGCATTAAAAACTTTAGGTAATGGTGCTCAAAATATGTATATTCTTTGGCAAGATGAAAGTCCTTTTAATGACAAAAACTTTATTCAAAACAACTTTTGCACTGACCTTATTTATGAAAAAGGATCTTTTTTAGGT		
696697	+	545709	CTGAATGAATACTGGTTTTCTACAATTAATAGTGAATTGCTTACCAATGAAAAAATGGATGTTATCGACATTTATAAATATTTAAGAAAAGAAATAAAAA	TTCCAA	AAAAAGACAAAAAAAGAC	TATTTT	TATTTTAATTTTTTTAATAAAGAAAATTGGTGTAAAAATATTTTTCAAGTAGCACAAAACGTTCCTGCTCAAAATTCATATAAAAACGAGTCAAAATCAGCTGAGTATGATATAGTAATATTAATTAATGGCATACCGCTGGTATTAATA		
128610	+	545938	TTTTTATTAGTATTTATTTGTAATTTTAATGTAGGTTGTATTATTTAGGATGTGTCAATATTTAAAATAACAACATTTTATTATTGGCCAATTAGTTTTT	TTGAAA	ATAAAAGACCATCGGT	TGTGAT	GGTCTAATTTGGTTGTGATAAGAGTTTTTATTGGGTTGCTGAAATTATTTTTTTTGTTTTTTTGTTGTTTTTATCGGGATAGTAAATTATTTTTTTTGATTCTTAGTTCTTGAAAAAATTTTTGTAAAAGTTGCATGCTTTCTTGAGCTA		
803987	-	546932	ATTAAAACCATTATATGTTTCTTTAAAAGTTGCAAATATATCTAAAATATTATTTGAAGGTAAAGCTTCAGGAACTATATAATAAGGATTAAAAATTGAT	TCTAAA	TTATTTAATTTTCCTTT	GATTAA	ATTTATAAATTGCTCTTTGCTCATTGCATTTTGTGTTTGATTTGGGTTGATTGTCTCAGGAATTAATATAATTTCTTTTTTATTATTTTGTAAAAAACTATTTATTTTATCTAATAAAGGTTGGAATTTTAATTTTATTGTGTTTTTATG		
448107	-	557621	TGGTTGTGGTCATATCATAAGTAACGGATTTTTGATTCCAACGGTCGAAAGGATAACGGTCTTTGATGTAGTTGGCGAGGTTAGATGGTTCTTTTTGAAG	TTCGCG	ACGATTTTCGACCAGC	TTTAAT	TCTTTTCTTAAATTTTCTTCTTGAGTTGGAAGATTTTTAAGTTTATTTTTAATATCGATTATTTCTTGGTTTTTATCTTTAATCGTTTGTTCGTATTTGTCAGGTGTTTGGTTTAAGGTTACTAATTCTTGTTCTAATTGGGCGATTTTA		
2622	-	560678	TTCCCAAACTTTCACTAGAAGAAGAAATTTCAATTGAATTTTGTTTAGTTAAAATAAATTTAATAACATTAGTATTCATTTGTTCTTTGGAAAACAACAA	TGAAAC	TCTTTCTAAGGCTTTCA	TTAAAT	CATCTTTATTTAAATGAACAGAAAAAGGAAAATTTGTAAGTTTAATTTCTTGAATTTGGGGATAATTTCCTTCTAAAAGTGAAGTTTGAAACCATAAATTATCAATTTCTAAAAAGATTTTTTGAGTATCAGAATAAATTTTTAAATATT		
166258	-	576405	CTGTACCTCCTCCATGAATATCCAAAGGCAATTTAAAAAGTTGTTCAATCATAGTTGCACATTCAGTATGCCAACCAGGACGCCCTGCAAACCAAGGACT	TGGGTA	TGTAATACCTTGCGAAG	TTTTTT	TCCATAAAATAAAATCTCCTGGAAATTCTTTTTGAGGGTCTAATTGTTTACGTGCATTTTGTTTAAGTTGGGATAAATCTTGTTTTTTGAGTTTACCATAATCATCAATTTTAGATACACGAAAATATATTCCTTGATCGGTAAAATAAG		
343707	+	576885	AACATTTCTTTGATTTGTTTTTCACTGATGGGAGGATTTTGTTGTAAATGTTTTTTAAACCAATGAAACATTAAAAAAGCTCCTAAAACCCCGCCTAATA	AAAATC	CTATAATTGGATTTACA	TATAAC	CAAATATTGTTCATTTTGAACTCCTTTTTTCTTTTTCTTTTTTGTTTTTTCTTTCCTTGGTGAAAGTCTAAATTTTTTGATAAAATTGAATTTTTTTATTACCGTATTGTTTTTCTTTTTGTAAAACAAATTCTTTAATTTGTGTAGGCA		
465808	+	596450	GGTTCTTCGATTTTTTGATTAATTGGGTAAACAGCTACAATTTTATCTTTTTGAATATCTTTAATAATGATTTTATCTATTGCTAAATAACTAGGACCAC	CATAAT	TAGTTCCTTTATCATA	TATTAT	TTCTAAATGATAATTTTCAGGAGTAAAAGTAGTTGATTCTGGTATATAAGGTCTGTTATTGCTCCAAAAAAAATACAAATCAGAAGCGCCGTTACCCATTTGAGTTAAAGTATCTAAATTATAAATATTATTTTTTCCATCTCTAGTTCC		
431729	+	598232	TATTTTTAAATTCATTTTTATAATTGATTTGGAAGATATTAAATAGGTGTTTAAGGGGGTTATTTTGTCTTTTAAGCGGGGTTAAATCTGAAAGTAATAG	TTTACT	ATTAATAGAAGAAAAAT	TATCAT	TAATTAAGGTTATTTTTGTTTGTTTAATTTCTTCTAAGATTTGAGGATCAACGAAGAGAGTTTGGTTTTTCGGACGGTAATTAGCTTCTTGATAGGTGTTTTTCTTTTTAGAATGAGAAATAATGGTAAGATTGATTAAATCTTCTTTTA		
416864	-	598366	AACCTTCCATAGCCATTACTTGATGAACATTATTAATAATTAAAAATAATCCTAAACTAATAAATAAAATAATATTAAATGATAGTAAATGTTTTTTTAA	TTTAAC	CATTAATTAAATCTCC	TTCAAT	TTTGATTCTTTTTTATCACCAATCAGAGTTGGTTCTTTTATTATTTTCAGCTTCTTTGGCTTTATCGTTATTGTGTTTACCTTGATAAAGGGATAAAGTTTTACGGACAGGGTTGAAGTGGAGGTGGAAATTGGTTAATTTGAAATCAGA		
4663	-	599125	AAATCTTTCAGATTATAATTATATAATTGCATTTCTTGCAAAGTAAAACCAACTTTATCTTTTAAATCTCTTGCACTAAATTGTTTTAAATAAAAAAAAC	TTTCTG	TTTGAGGATCTAAATTT	TTTATT	TCTTCCAAACTATAACCTGATTTATTTAATTTTTTTAAACTAAAAATTTCTATTAATTGAGGAAGTTGGTAACCAATTTCTTTAAAATCTTCTACATTAAAACCTTCTTTTACCAATTCTTTGTCTTCATAATCCCCTTTTTGTCTTAAA		
211419	-	621891	ATAAATCATCTATTTTTACCATTTTGGCATATTGCCAAACTTTGGCTATAATTTCTTCTCTACAAACATTATGATTTTCCAATCCAAACGCAATATCTTC	TCTTAC	AGTAAGTCCTGTAAACT	GATAAT	CAGGATTTTGGAAAACCATACCTATTTTAGGTCGCAAAAGGGGCAAATTTTTTTCATTTAAAACGATATTGTCAATTAAAATTTGTCCTTTGGTACAAGAAAGCAGCCCTACTAAAATTTTGGCTAAAGTAGATTTTCCCGAGCCATTAT		
118676	-	622784	AGTCAAAGAACAAAATAAAATAACTAAAAAAACATCTAGTTCAAAGCCACCAACAACATTATTTATAAAACTTATCATTAAAACAATACCATCAATTAAA	TTTTCA	ACTAATTTAATTCCTT	TAGGTG	TTAATTGGGCTTTTTGATTTTGTAACATTAAATATTTTTCCTTCCATAAAAAACTTTCTATTTGAATTATTGGCAAACTCAAAGTATGAGTTTCTTCTTGTTCGCAATAAAGATGAATAAGTTGACGAAATTTTTTAATCTTTTTTTGAT		
819079	+	665268	CAAATTATCTAAAGCCATTAAAGATAAAGTGAAAGATTTAATTTTAAAATAACTAAATTATTTTATTTCAAAAACTTAAGAAAGGAGGTTATCTATGACA	TTAAAT	AAAAAAATTTATCTGAG	TTTGAT	CGGATTATTAAGTTTAGGTTTTTTGGTTTTATTAATCTTTGGTATCACTCGTTCTCGCTCAACAACTAAAACTCCATCGTTAACTCAAAAACCTCCATCAACACAACAACAAGAGATCGACAACCAAATCAAATTAGAACAAGCCAAAAT		
278859	+	680236	TGTCTTTATATTGGATTGTGGGAAACACCTATACTATTTTCCAAACTTTGCTCACTAGAAAAAAGATGCAACAAAAATATTTTGCATTAAAACAAAACGC	TTTATA	AAAACTTTTTCCTTCATC	AATACT	TGCAACAATTCAAAAATCAAAATAAGTAAAAAACAAACAAAACTTTTATATTTTTTTCTGCAGTTCTTAATTTTCATCCTTATAATTTTTAAAAAACATCTTTTGGAAAGCAACATATTTAGTTAGGATAATTTCTTCATAAATATATTT		
499431	-	680319	TATATCATTTTCTTATCTTTTCTTACTTTTTGCTAATCTTTTTTGTTATAATTAACAAAGAAATTATTATTTATAAATAATATATATAATGCGATATAAA	TATAAA	GGAATATATTAAAGGAAT	TAAAAT	GAAAACCAATAAACATCAATTTATTAAAGTTCGCGGAGCTCGTCAAAATAATTTAAAAAATATTAATATTGATATTCCCAAAAATAAATTAGTTATTATAACAGGATTATCAGGTTCTGGCAAATCTTCTTTAGCTTTTGATACTTTATA		
817937	-	685387	TCTGATTTTTATTTTTTTATCACTTAAACGAAATATTTTTTTGAATTAATAGTTTAACGTCATTACGGACGAACGATAGGTTTTAACGTTTTTTTATTTT	TTTAAT	TTTTTGATAGCGATGTT	TTTAAT	ATTTTCTACTTGTTTTAAAGATAAATTAAGTTTTTCAGATATTTCGGTGTGGTATAACATTTTTGATAATCTTCATTGATATTCCCTAAAGGAACGCCAAAACTTAAATGGATAATTTTGAATTCGGTTTTGCTTAACTTAACTTTCATT		
583880	-	707134	ATATTTATTAAAACCATCTTCGTTTAAACCAAGAGGTTACTTTATCGACTGTTTTATTTGCGTAATCAATGATTTTATCTTTAACAGGTTGAAGGGAACC	TTTCCA	GGTTTTTTGGTTATC	TATGGT	TTCTTTGAGGTGGGTATATACTTCAGTTTCGCGGGTTAATTTATCACTTTTTTCTTTTAAGGTTACTTTAGTGGCTTCGTGGGATTTTTGTTCGTCTTTTAGTTGTTCTTTAAGTTTATTGATTTCATGACGGAGTTCGGCGTTTTCTTC		
568599	-	708745	TTCATTATTAGTTGTTGCAAAAACATAAGTAATATTTAATATAAAAAATAATAAAGAAATTAATAAATATAATTTAGATACTTTTAAATAAAATGATTTT	TTTCTT	TTTGCATTATCCATTTT	TATAAT	ATAGATCCTTTTTTATTTTATGTTTTTTAAAAAAAAATAAAAATAATTGTAATCATTAAAACTAAAAAAATTAAATAATAATATATATTTTTTTAAAACCAAAAAGTAAATATTGAAATGAAAAAATAATTGTTATTTTGTATGTACATT		
556618	-	713704	GAGCAAACAGGATTAGATACCCTGGTAGTCCACGCCGTAAACGATGAGTACTAAACGTTGGGTAAAACCAGTGTTGAAGTTAACACATTAAGTACTCCGC	CTGAGT	AGTACGTACGCAAGTAT	GAAACT	TAAAGGAATTGACGGGACTCCGCACAAGCGGTGGATCATGTTGTTTAATTCGAAGGTACCCGAAAAACCTCACCAGGTCTTGACATGCTTCTGCAAAGCTGTAGAAACACAGTGGAGGTTATCAGTTGCACAGGTGGTGCATGGTTGTCG		
815489	-	757815	TGGATACTTTATTTATGATTTTGCTCTTCCTCTTGTTGTTCTTTATACTCTTTATTCTAAAAATCCTCAACGTTTAGTGGAGTGGTTGAAAAAATCTCCA	ATGAAA	AAATTTACTACCTTAGA	TACTCA	TGATGGTATTGGAGTAATTGATGCTTATGATATTTTAACTGATAAAGAAATTAAGTATACTTCTGAACAATTATATAAACAAGGTGCTAATGTTAAAAAAGTATATTCTTCATCTCTTTATAATAATTTAGATATTTATCAAATTAATTT		
793968	-	758143	ACAAATAATACAATATCTAATAGTAAATAATAAACACTAATAAGGAGACCAACTTAAAAGTTGGTTTTTTTTGTTATGTAGCAATTTAATGTTTAAGTTC	TTTAGA	GTTTTACATAGTTAAT	TTTAAT	TGTATTATGATGAATAATAAATTAATATTTTTTAATATAAATGTTGAATTGTAATATAGTTTTTATGTTATATTATAATTAATAGTAGATAAATAGTTTTGTTATTTGCTATTTTATTAATATTTATCATATTAAATTAACTACTCATTA		
807002	-	761912	ATTTTTTCGATAATGGGAATACCAAAAGCAAAAGTTTTTCCTGTTCCTGTTTGAGCTTGTCCAATTACGTCGTGTCCTTTTATAATTTCTGGAATTACTA	AGGCCT	GAATTGGAGTAGCATCAA	TAAAAT	TGAGTTCTTTTAAAGCTTTTTTAGTTTGCTCTAAAATAGGTAATTGTTCGAATAAAGTATTCATAAATTCCTCATCTTTCTTTTTAATTTAAAAATTAAATTATACAGATATAAATATAAAATGTTTGCTAAGTGCACAAAAACACTAAA		
778967	-	782295	TATCCCCAAACTTCAACATTAAATATCGTTTCCCCTGCCCCATCCATCAAGGCCAAAACCCAACTTGTTGCCAAATAACTTCAGACAACAAAATTCATTG	TTGGAA	ATGTTGTTGCGATTTT	GATATT	ATTGATGTTTATATGGAAATAAGAGGAATTAAAACCTTCAATCTCGCCCTCGAAAGAATTAATAACTTTATGCAAACACAAGAATTTAAGACCTTAATCGAGCAACAAAACTTAACCCCTAATTCACTAACCAACCCCTTCAAATATCAA		
710268	-	784043	TTCTTAAAGTCACTGTGTTGTGGGTAAGGGTTTGGTCGTCTACAGTGAGACAAAAAGGAGTACCAATCATATCTTGTCTGCGGTATCTTTTGCCAATACT	TTGGGT	CTCATCGTAACAAACAT	CAAAAT	GTTTGGCTAAATACTGGTGGATTTCTTGGGCTTTGGCGCTGTGTGTTTTTTTGATTAATGGCAAAACAGCTACTTTGTAAGGTGCTAAAAAAGGGTGAAAAGTAAGGATTTGCCTTGTTTCGTTGGAGGTGCTTTCTTCGTGGTAATTGT		
52130	+	799217	GATTTTCAAAGATGCAATTACCAACATTTAATGGATACTAATCGCACACTCCAAGAAACTGCATCCAAAATAGAAAACACCCAACGAGAATTTAACAAAA	GAGCCC	AAGCTCTTTGGCAAAGAA	AAAAAT	TAAATCAAGTGCAATCATTGCCAAATATATTATTTACTCCAGAAATGATACAAGAAGAAATGGAACAACTGCAATATGAAATGCAGACTAAAATGCAAGGAGTATTTAATTCTTATGATTATTTAGGTACTGCAAATCCTAATGCAAGAC		
621467	-	801752	TTATTTAATAAGAAAAATATTTTTTAGTATTTAGAAACAATAAGGAAACCAACTTAAAAGTTGGTATTTTTTTTAATGGTTCTTTAATCGCCTACAATAT	TGGACG	TAAATTTTTCTTCAACA	AATTCA	AAAACCCTCCTTCAGGTCTCTTAGGGTTTATTTTAAACATCGCCCTAATCCTTTTAATATCCAATACCCCGATGATGAAGATTACGAATACACCTTAGAAGATCTCCTAAAATACGAAATCGCCATCGAAGAAGCCTTTATCTTCTGGGA		
272110	-	810174	TTTTCCTTATCTTCTAAATTTTGGGCATTTGCAGGATTATTTAATTTTTGTTTAAAAGGAGAAAAGAAAACATAAGGAAACATTTTAAAAGGATCTCTTT	TAGCTG	CTTGTTTTTCTGAAGT	TATAAT	TGGTTTGTCTTTTTGCAGATCTTGAAAATAATCTTGCATAGATAAAAAGCCAAATAAACTAAAAAAGGTCATATAAAGCAAGGGATGAATAAAAGCTATCCACATTTTTTTATAAGGAATAGCATAAGAATTGACTTTAAAATAAAAATA		
663800	-	812826	CATTGCTTTGTTAAGTCCATAATATCTTGCATATCAGCATAAGCCAAGTAAGCCTCAATAGTGCTAAATTCGGGATTATGTGTGGCATCAATTCCTTCAT	TTCTGA	AAAGACGTCCGATTTCA	TAGACT	TTATTCATTCCACCAACAATTAATTTTTTAAGGGGTAATTCGGTAGCAATTCTCAAGTAAAAATCACAATTAAGAGCGTTGTGATGAGTGATAAAAGGTTTGGCAGAAGCGCCTCCCAAAGTTGGTTGTAAAATAGGAGTTTCTACTTCT		
578174	+	823533	AACTAAATCCTCATCAATTATGGTTAAAACAAGTTAATCACGAAATCTTTTTAAAAAAAATGAAAGCTAAATTAAGCGAAACCGAATTCAAAATTATCCA	TTTAAG	TTTTGGTGTTCCTTTAGG	GAATAT	CAACGAAGATTATCAAATTTGTTATACCAACGCTGAAATCGCTGAAAAACTCAATTTATCTTTAAAACAAATAGAAAATATTAAAAACATTGCTATCAAAAAATTAAAAAAACGTTAACCTTTCTCGTCCGTAATGACGTTAAACTAGTT		
121546	+	830679	CAAATAAGTAAAAAAGTTACCTTAAATAAAAAAAAATAAACTTTTTTATTCTTAAATAATAAATAAGCAAAAACAATAATTTATTTTACATCATTTTCTA	TTATTA	TTTCTTAAATATTACAT	TATTAG	TGTTTTTATTTCAATTTCACACGAAATAAAAAGGAGATTAATTTTTATGTTAAAAATTAACCATTTATTTAAAAAATTTCAAAATACAGAAGTCCTTGAAAATGTTTCTTTTCAATTTCCTCAAAAAGGATTAGTTTTTATTATTGGTAA		
502815	+	838418	GTTTTGTACGACCCCCAAGACATTAAACAAAAAGACAAAATTAATAAGATTAATTCAATTAGGAATTACTTTTCATCAAGCCTCTTTAAATAAAGATGGT	TTTATA	AGAAATCAAAATTACAA	AACTAT	TACAACTACCAAAACTGATAAGCCAAATAAAAACAATAAAAATACCAAAAACATTCAAAAAAATCAAAACAATCAAACTAACCAAAAAAACAATTACAACCAATCTAGCCAATCTAACCAAAAACAATTTTTCAAACAAAACAAATTTAC		
717923	-	852506	CCTTTAATTAACACTCATGTATCAGGACACGGTAACCAAAATGACCTTAAATTGATGCTTTCGCTTACCAAGCCTAAATATTTTATTCCAGTTCACGGCG	AACATC	GCATGTTAATTGCACAC	AAAAAT	TTAGCTCTAGAATGTGGTATTCCAGAAAGTAATATTTTTATTTTGGAAAACGGACAAATGGTAAACTTAGCTCCTGAAAAAGCTGCCATTACCCAAAAAGTGAATGTAGGCAACGTCTTTATCGATGCTTCTGGAATAGACGATGTGGGC		
